{
    "hotel":[
        {"id":"1","name":"Hotel Elysian Residency","location":"Ahmedabad, Gujarat","img":"https://cf.bstatic.com/xdata/images/hotel/square600/307742608.webp?k=e882564b4c4fab817223ec8dbc2495c356b4a3fdac2fe1b9989bfb4a36a0f6c4&o=","rating":7.7,"rev":"Good 566 review"
    ,"img1":"https://cf.bstatic.com/xdata/images/hotel/max1024x768/301898373.jpg?k=3c5dbf538e65add3ba607571b492100a631da0fc168f7f7f47f9dae7a02de4bd&o=",
     "img2":"https://cf.bstatic.com/xdata/images/hotel/max500/296575034.jpg?k=037cf645dd7f4706978f95c81a0dbb8c1bfeebe510e5a0dc012d7029d3a5a1a3&o=",
    "img3":"https://cf.bstatic.com/xdata/images/hotel/max500/296576507.jpg?k=69446640ab5d815a44d6d604122fccce0f81d6ab4e304ee54b1628d2c0746a86&o=",
"img4":"https://cf.bstatic.com/xdata/images/hotel/max300/307742608.jpg?k=eda66dbaf6aa55003f133c50bee0ee4c243f3ae21536f03c2bf4fc4dc19f93d7&o=",
"img5":"https://cf.bstatic.com/xdata/images/hotel/max300/296575494.jpg?k=577d248e96ecb50b8cf786c4c64e37627c7a34a541b1d47dfa8f30507559d3d2&o=",
"img6":"https://cf.bstatic.com/xdata/images/hotel/max300/296576527.jpg?k=b18e64941a4368188c5030cfff519b387d107a8b23a20d97bc63c8f4848f534e&o=",
"img7":"https://cf.bstatic.com/xdata/images/hotel/max300/294514783.jpg?k=f9dd9b2fcdae8eebbd03c8c35f8ae9f69d07ee579e7354637c3e822e58c44277&o=",
"img8":"https://cf.bstatic.com/xdata/images/hotel/max300/296575494.jpg?k=577d248e96ecb50b8cf786c4c64e37627c7a34a541b1d47dfa8f30507559d3d2&o="},
        {"id":"2","name":"Taj Skyline Ahmedabad","location":"Goa,india","img":"https://cf.bstatic.com/xdata/images/hotel/square600/284736624.webp?k=2d849f6e7973d94b0fe7f6c67569f02d54964907b719a97f1ece33180a93aa7c&o=","rating":7.5,"rev":" good 1018 review"
        ,"img1":"https://cf.bstatic.com/xdata/images/hotel/max1024x768/279579184.jpg?k=60ca18c638dac73418e7d19657296782e62dcf699030da80830029739908720d&o=",
        "img2":"https://cf.bstatic.com/xdata/images/hotel/max500/284736852.jpg?k=555cadd16cbb68e578ab055d6ac346a70d60f8178cf43c65fcafbb1919c7cabb&o=",
       "img3":"https://cf.bstatic.com/xdata/images/hotel/max500/279580034.jpg?k=38a5659dd52e70279e4e70dd71ba344bcc16117b22a71be89f23e0afe49fac74&o=",
   "img4":"https://cf.bstatic.com/xdata/images/hotel/max300/284736624.jpg?k=344d86a339a579c73d5d111ecb916cb28a3997e2ee3d55ad9df5c764fc91d83e&o=",
   "img5":"https://cf.bstatic.com/xdata/images/hotel/max300/284735291.jpg?k=831e1061eeca66e50083947413a2cce78cd9c75bae2e043eb43b5cba966f27e2&o=",
   "img6":"https://cf.bstatic.com/xdata/images/hotel/max300/284736827.jpg?k=e75b0957fa68d11a812fb7051f2bb4dc834be3588ec34acedd54c6288690d0c5&o=",
   "img7":"https://cf.bstatic.com/xdata/images/hotel/max300/284735012.jpg?k=c86f8d889869e6fc1e12938dc980a74afcd01d6d27fa7c2a9882988cea25246b&o=",
   "img8":"https://cf.bstatic.com/xdata/images/hotel/max300/284735291.jpg?k=831e1061eeca66e50083947413a2cce78cd9c75bae2e043eb43b5cba966f27e2&o="},
        {"id":"3","name":"Holiday Inn Express ","location":"Mumbai,india","img":"https://cf.bstatic.com/xdata/images/hotel/square600/233849880.webp?k=0eb5789d13117a6ce6cccd185ddeae5e37db4e321e47a4942a2c5a755b3b45ac&o=","rating":6.9,"rev":"Pleasant 583 review"
        ,"img1":"https://cf.bstatic.com/xdata/images/hotel/max1024x768/233849880.jpg?k=287d477a996d20068ac7228827f44bb3ad77b0a38066f8ba787e15f5712bb62a&o=",
        "img2":"https://cf.bstatic.com/xdata/images/hotel/max500/324822452.jpg?k=41946796ca82700e24103c0aec561941fafcd54362d930323fa79febd75b776f&o=",
       "img3":"https://cf.bstatic.com/xdata/images/hotel/max500/296008780.jpg?k=2e0a9a0625ad75047a513f1cf4f0c9708ddc4e266a9403f6cf5a2bad809b71ad&o= ",
   "img4":"https://cf.bstatic.com/xdata/images/hotel/max300/293276488.jpg?k=233a1a0517274a5092590e156075f9f873d7fb30f270c8a2b468203ac8939ea3&o=",
   "img5":"https://cf.bstatic.com/xdata/images/hotel/max300/293264462.jpg?k=a6a92c415d187966ed514e1bbd6cca9a82dad82269707fb7c9efa809f3bb9e90&o=",
   "img6":"https://cf.bstatic.com/xdata/images/hotel/max300/296576527.jpg?k=b18e64941a4368188c5030cfff519b387d107a8b23a20d97bc63c8f4848f534e&o=",
   "img7":"https://cf.bstatic.com/xdata/images/hotel/max300/293265368.jpg?k=5b9a6af6d68db2c5e82244b606f29eb6f156dc7061898dc611b326b1ae06e90a&o=",
   "img8":"https://cf.bstatic.com/xdata/images/hotel/max300/293276488.jpg?k=233a1a0517274a5092590e156075f9f873d7fb30f270c8a2b468203ac8939ea3&o="},
        {"id":"4","name":"Novotel Ahmedabad","location":"Delhi,india","img":"https://cf.bstatic.com/xdata/images/hotel/square600/222762284.webp?k=25790b1a49fdaa6b753998e19d5416cb9ca9d81a14c6faa09728598181380d63&o=","rating":7.7,"rev":"Good 1321 review"
        ,"img1":"https://cf.bstatic.com/xdata/images/hotel/max1024x768/301898373.jpg?k=3c5dbf538e65add3ba607571b492100a631da0fc168f7f7f47f9dae7a02de4bd&o=",
        "img2":"https://cf.bstatic.com/xdata/images/hotel/max500/296575034.jpg?k=037cf645dd7f4706978f95c81a0dbb8c1bfeebe510e5a0dc012d7029d3a5a1a3&o=",
       "img3":"https://cf.bstatic.com/xdata/images/hotel/max500/296576507.jpg?k=69446640ab5d815a44d6d604122fccce0f81d6ab4e304ee54b1628d2c0746a86&o=",
   "img4":"https://cf.bstatic.com/xdata/images/hotel/max300/307742608.jpg?k=eda66dbaf6aa55003f133c50bee0ee4c243f3ae21536f03c2bf4fc4dc19f93d7&o=",
   "img5":"https://cf.bstatic.com/xdata/images/hotel/max300/296575494.jpg?k=577d248e96ecb50b8cf786c4c64e37627c7a34a541b1d47dfa8f30507559d3d2&o=",
   "img6":"https://cf.bstatic.com/xdata/images/hotel/max300/296576527.jpg?k=b18e64941a4368188c5030cfff519b387d107a8b23a20d97bc63c8f4848f534e&o=",
   "img7":"https://cf.bstatic.com/xdata/images/hotel/max300/294514783.jpg?k=f9dd9b2fcdae8eebbd03c8c35f8ae9f69d07ee579e7354637c3e822e58c44277&o=",
   "img8":"https://cf.bstatic.com/xdata/images/hotel/max300/296575494.jpg?k=577d248e96ecb50b8cf786c4c64e37627c7a34a541b1d47dfa8f30507559d3d2&o="},
        {"id":"5","name":"Mamagoa Beach Resort","location":"Manali, India","img":"https://cf.bstatic.com/xdata/images/hotel/square240/489494672.webp?k=56acae8fc6499576aeaac2e1fd6555520b06ae0f20718767bafa0b0dfc10f655&o=","rating":8.3,"rev":"Good 360 review"
        ,"img1":"https://cf.bstatic.com/xdata/images/hotel/max1024x768/301898373.jpg?k=3c5dbf538e65add3ba607571b492100a631da0fc168f7f7f47f9dae7a02de4bd&o=",
        "img2":"https://cf.bstatic.com/xdata/images/hotel/max500/296575034.jpg?k=037cf645dd7f4706978f95c81a0dbb8c1bfeebe510e5a0dc012d7029d3a5a1a3&o=",
       "img3":"https://cf.bstatic.com/xdata/images/hotel/max500/296576507.jpg?k=69446640ab5d815a44d6d604122fccce0f81d6ab4e304ee54b1628d2c0746a86&o=",
   "img4":"https://cf.bstatic.com/xdata/images/hotel/max300/307742608.jpg?k=eda66dbaf6aa55003f133c50bee0ee4c243f3ae21536f03c2bf4fc4dc19f93d7&o=",
   "img5":"https://cf.bstatic.com/xdata/images/hotel/max300/296575494.jpg?k=577d248e96ecb50b8cf786c4c64e37627c7a34a541b1d47dfa8f30507559d3d2&o=",
   "img6":"https://cf.bstatic.com/xdata/images/hotel/max300/296576527.jpg?k=b18e64941a4368188c5030cfff519b387d107a8b23a20d97bc63c8f4848f534e&o=",
   "img7":"https://cf.bstatic.com/xdata/images/hotel/max300/294514783.jpg?k=f9dd9b2fcdae8eebbd03c8c35f8ae9f69d07ee579e7354637c3e822e58c44277&o=",
   "img8":"https://cf.bstatic.com/xdata/images/hotel/max300/296575494.jpg?k=577d248e96ecb50b8cf786c4c64e37627c7a34a541b1d47dfa8f30507559d3d2&o="},
        {"id":"6","name":"Hyatt Ahmedabad","location":"Kolkata, India","img":"https://cf.bstatic.com/xdata/images/hotel/square600/524704271.webp?k=93cf4ceea0189f3746fcf6ea618353786e0b0d00f4c64e975101e350342fb915&o=","rating":8.3,"rev":"Good 845 review"
        ,"img1":"https://cf.bstatic.com/xdata/images/hotel/max1024x768/301898373.jpg?k=3c5dbf538e65add3ba607571b492100a631da0fc168f7f7f47f9dae7a02de4bd&o=",
        "img2":"https://cf.bstatic.com/xdata/images/hotel/max500/296575034.jpg?k=037cf645dd7f4706978f95c81a0dbb8c1bfeebe510e5a0dc012d7029d3a5a1a3&o=",
       "img3":"https://cf.bstatic.com/xdata/images/hotel/max500/296576507.jpg?k=69446640ab5d815a44d6d604122fccce0f81d6ab4e304ee54b1628d2c0746a86&o=",
   "img4":"https://cf.bstatic.com/xdata/images/hotel/max300/307742608.jpg?k=eda66dbaf6aa55003f133c50bee0ee4c243f3ae21536f03c2bf4fc4dc19f93d7&o=",
   "img5":"https://cf.bstatic.com/xdata/images/hotel/max300/296575494.jpg?k=577d248e96ecb50b8cf786c4c64e37627c7a34a541b1d47dfa8f30507559d3d2&o=",
   "img6":"https://cf.bstatic.com/xdata/images/hotel/max300/296576527.jpg?k=b18e64941a4368188c5030cfff519b387d107a8b23a20d97bc63c8f4848f534e&o=",
   "img7":"https://cf.bstatic.com/xdata/images/hotel/max300/294514783.jpg?k=f9dd9b2fcdae8eebbd03c8c35f8ae9f69d07ee579e7354637c3e822e58c44277&o=",
   "img8":"https://cf.bstatic.com/xdata/images/hotel/max300/296575494.jpg?k=577d248e96ecb50b8cf786c4c64e37627c7a34a541b1d47dfa8f30507559d3d2&o="},
        {"id":"7","name":"Narayani Heights","location":"Ahmedabad, Gujarat","img":"https://cf.bstatic.com/xdata/images/hotel/square600/566410299.webp?k=837f30570b281d419ca1b1e5c73d553bd5854862c1f243b13969b37a807913c3&o=","rating":7.6,"rev":"Good 500 review"
        ,"img1":"https://cf.bstatic.com/xdata/images/hotel/max1024x768/301898373.jpg?k=3c5dbf538e65add3ba607571b492100a631da0fc168f7f7f47f9dae7a02de4bd&o=",
        "img2":"https://cf.bstatic.com/xdata/images/hotel/max500/296575034.jpg?k=037cf645dd7f4706978f95c81a0dbb8c1bfeebe510e5a0dc012d7029d3a5a1a3&o=",
       "img3":"https://cf.bstatic.com/xdata/images/hotel/max500/296576507.jpg?k=69446640ab5d815a44d6d604122fccce0f81d6ab4e304ee54b1628d2c0746a86&o=",
   "img4":"https://cf.bstatic.com/xdata/images/hotel/max300/307742608.jpg?k=eda66dbaf6aa55003f133c50bee0ee4c243f3ae21536f03c2bf4fc4dc19f93d7&o=",
   "img5":"https://cf.bstatic.com/xdata/images/hotel/max300/296575494.jpg?k=577d248e96ecb50b8cf786c4c64e37627c7a34a541b1d47dfa8f30507559d3d2&o=",
   "img6":"https://cf.bstatic.com/xdata/images/hotel/max300/296576527.jpg?k=b18e64941a4368188c5030cfff519b387d107a8b23a20d97bc63c8f4848f534e&o=",
   "img7":"https://cf.bstatic.com/xdata/images/hotel/max300/294514783.jpg?k=f9dd9b2fcdae8eebbd03c8c35f8ae9f69d07ee579e7354637c3e822e58c44277&o=",
   "img8":"https://cf.bstatic.com/xdata/images/hotel/max300/296575494.jpg?k=577d248e96ecb50b8cf786c4c64e37627c7a34a541b1d47dfa8f30507559d3d2&o="},
        {"id":"8","name":"Sterling Aravalli Udaipur","location":"Udaipur, India","img":"https://cf.bstatic.com/xdata/images/hotel/square240/572743681.webp?k=ec8b3fe962c1572ba7bce376bd3436c3c9361c42c99c4bf325d96ffedfbf6028&o=","rating":5.7,"rev":"Good 890 review"
        ,"img1":"https://cf.bstatic.com/xdata/images/hotel/max1024x768/301898373.jpg?k=3c5dbf538e65add3ba607571b492100a631da0fc168f7f7f47f9dae7a02de4bd&o=",
        "img2":"https://cf.bstatic.com/xdata/images/hotel/max500/296575034.jpg?k=037cf645dd7f4706978f95c81a0dbb8c1bfeebe510e5a0dc012d7029d3a5a1a3&o=",
       "img3":"https://cf.bstatic.com/xdata/images/hotel/max500/296576507.jpg?k=69446640ab5d815a44d6d604122fccce0f81d6ab4e304ee54b1628d2c0746a86&o=",
   "img4":"https://cf.bstatic.com/xdata/images/hotel/max300/307742608.jpg?k=eda66dbaf6aa55003f133c50bee0ee4c243f3ae21536f03c2bf4fc4dc19f93d7&o=",
   "img5":"https://cf.bstatic.com/xdata/images/hotel/max300/296575494.jpg?k=577d248e96ecb50b8cf786c4c64e37627c7a34a541b1d47dfa8f30507559d3d2&o=",
   "img6":"https://cf.bstatic.com/xdata/images/hotel/max300/296576527.jpg?k=b18e64941a4368188c5030cfff519b387d107a8b23a20d97bc63c8f4848f534e&o=",
   "img7":"https://cf.bstatic.com/xdata/images/hotel/max300/294514783.jpg?k=f9dd9b2fcdae8eebbd03c8c35f8ae9f69d07ee579e7354637c3e822e58c44277&o=",
   "img8":"https://cf.bstatic.com/xdata/images/hotel/max300/296575494.jpg?k=577d248e96ecb50b8cf786c4c64e37627c7a34a541b1d47dfa8f30507559d3d2&o="}
    ]
}
        
       